pub,link,madeCSV
100 Days In Appalachia,#/publication/100-days-in-appalachia,1
3288 Review,#/publication/3288-review,1
425 Business,#/publication/425-business,1
435 Magazine,#/publication/435-magazine,1
5280,#/publication/5280,1
7x7,#/publication/7x7,1
A.v. Club,#/publication/av-club,1
A&e Real Crime Blog,#/publication/ae-real-crime-blog,1
Aarp Bulletin,#/publication/aarp-bulletin,1
Aarp En Español (spanish-language Website For Aarp).,#/publication/aarp-en-espaol-spanishlanguage-website-for-aarp,1
Acclaim Magazine,#/publication/acclaim-magazine,1
Acres Usa,#/publication/acres-usa,1
Adbusters,#/publication/adbusters,1
Additude,#/publication/additude,1
Adoption.com,#/publication/adoptioncom,1
Adrain Telegram,#/publication/adrain-telegram,1
Adventure Cyclist Magazine,#/publication/adventure-cyclist-magazine,1
Adventure Kayak,#/publication/adventure-kayak,1
"Advicesister Beauty, Fashion & Lifestyle",#/publication/advicesister-beauty-fashion--lifestyle,1
Adweek,#/publication/adweek,1
Aeon,#/publication/aeon,1
Afar,#/publication/afar,1
Africa Renewal (Un),#/publication/africa-renewal-un,1
Afropunk,#/publication/afropunk,1
Agdaily,#/publication/agdaily,1
Airbnb Mag,#/publication/airbnb-mag,1
Al Jazeera America,#/publication/al-jazeera-america,1
Al Jazeera English,#/publication/al-jazeera-english,1
Al-jazeera English,#/publication/aljazeera-english,1
Alaska Airlines Magazine,#/publication/alaska-airlines-magazine,1
Alive 65,#/publication/alive-65,1
All Black Media,#/publication/all-black-media,1
Allaboutcircuits,#/publication/allaboutcircuits,1
Allure,#/publication/allure,1
Alma,#/publication/alma,1
Almost Fearless,#/publication/almost-fearless,1
Alpinist Magazine,#/publication/alpinist-magazine,1
Alternet,#/publication/alternet,1
Alternet (2nd Rights),#/publication/alternet-2nd-rights,1
Ambassador (National Italian American Foundation),#/publication/ambassador-national-italian-american-foundation,1
America Magazine,#/publication/america-magazine,1
America's Quarterly,#/publication/americas-quarterly,1
American Angler,#/publication/american-angler,1
American Banker,#/publication/american-banker,1
American City & County,#/publication/american-city--county,1
American Educator,#/publication/american-educator,1
American Forests,#/publication/american-forests,1
American Renaissance,#/publication/american-renaissance,1
American Teacher Magazine,#/publication/american-teacher-magazine,1
American Theatre,#/publication/american-theatre,1
American Way,#/publication/american-way,1
Amny,#/publication/amny,1
Amongmen,#/publication/amongmen,1
Animal New York,#/publication/animal-new-york,1
Aol Travel,#/publication/aol-travel,1
April Magazine,#/publication/april-magazine,1
Aps News,#/publication/aps-news,1
Arc Digital,#/publication/arc-digital,1
Archdaily,#/publication/archdaily,1
Archer Magazine,#/publication/archer-magazine,1
Archinect,#/publication/archinect,1
Architect Magazine,#/publication/architect-magazine,1
Architectural Digest,#/publication/architectural-digest,1
Architectural Record,#/publication/architectural-record,1
Are We Europe,#/publication/are-we-europe,1
Arena Music,#/publication/arena-music,1
Argot Magazine,#/publication/argot-magazine,1
Arkansas Life Magazine,#/publication/arkansas-life-magazine,1
Armenian Weekly,#/publication/armenian-weekly,1
Ars Technica,#/publication/ars-technica,1
Art For Ourselves,#/publication/art-for-ourselves,1
Art In America,#/publication/art-in-america,1
Art Jewelry Forum,#/publication/art-jewelry-forum,1
Art Papers,#/publication/art-papers,1
Art Press (france),#/publication/art-press-france,1
Art Review,#/publication/art-review,1
Art21 Magazine,#/publication/art21-magazine,1
Arte Fuse,#/publication/arte-fuse,1
Artforum,#/publication/artforum,1
Artnews,#/publication/artnews,1
Artreview,#/publication/artreview,1
Arts & Letters,#/publication/arts--letters,1
Artslant,#/publication/artslant,1
Artsy,#/publication/artsy,1
Artus,#/publication/artus,1
Asia Times Online,#/publication/asia-times-online,1
Askmen.com,#/publication/askmencom,1
Astronomy Magazine,#/publication/astronomy-magazine,1
Asweatlife,#/publication/asweatlife,1
At Large Magazine,#/publication/at-large-magazine,1
Athenainsight,#/publication/athenainsight,1
Atlanta Blackstar,#/publication/atlanta-blackstar,1
Atlanta Magazine,#/publication/atlanta-magazine,1
Atlantic Books Today,#/publication/atlantic-books-today,1
Atlas Obscura,#/publication/atlas-obscura,1
Audiofile Magazine,#/publication/audiofile-magazine,1
Audubon Magazine,#/publication/audubon-magazine,1
Autostraddle,#/publication/autostraddle,1
Avalon Magazine (canada),#/publication/avalon-magazine-canada,1
Avianca,#/publication/avianca,1
Awesometotallyawesome,#/publication/awesometotallyawesome,1
Awp,#/publication/awp,1
Babble,#/publication/babble,1
Babe,#/publication/babe,1
Baby Chick,#/publication/baby-chick,1
Backchannel,#/publication/backchannel,1
Backpacker Magazine,#/publication/backpacker-magazine,1
Backstage,#/publication/backstage,1
Bali Bell,#/publication/bali-bell,1
Baltimore Review,#/publication/baltimore-review,1
Baltimore's Child,#/publication/baltimores-child,1
Barista Magazine,#/publication/barista-magazine,1
Bass Angler Magazine,#/publication/bass-angler-magazine,1
Bay Nature,#/publication/bay-nature,1
Bay Street Bull,#/publication/bay-street-bull,1
Bbc Capital,#/publication/bbc-capital,1
Bbc Culture,#/publication/bbc-culture,1
Bbc Future,#/publication/bbc-future,1
Bbc Travel,#/publication/bbc-travel,1
Bc Business,#/publication/bc-business,1
Be Moxie,#/publication/be-moxie,1
Bedford + Bowery,#/publication/bedford--bowery,1
Bedsider,#/publication/bedsider,1
Belt Magazine,#/publication/belt-magazine,1
Best Women's Travel Writing,#/publication/best-womens-travel-writing,1
Better Humans (Medium),#/publication/better-humans-medium,1
Bevel Code,#/publication/bevel-code,1
Beverage Industry,#/publication/beverage-industry,1
Beyond,#/publication/beyond,1
Beyond Myth And Jargon,#/publication/beyond-myth-and-jargon,1
Billboard,#/publication/billboard,1
Bioscience,#/publication/bioscience,1
Biospace,#/publication/biospace,1
Biotechniques,#/publication/biotechniques,1
Bitch,#/publication/bitch,1
Black Women To Support At Sxsw,#/publication/black-women-to-support-at-sxsw,1
Black Youth Project,#/publication/black-youth-project,1
Blackbook,#/publication/blackbook,1
Blasting News Us,#/publication/blasting-news-us,1
Blavity,#/publication/blavity,1
Bloomberg News,#/publication/bloomberg-news,1
Blue Ridge Country Magazine,#/publication/blue-ridge-country-magazine,1
Boardwalk Savers,#/publication/boardwalk-savers,1
Bodybuilding.com,#/publication/bodybuildingcom,1
Boiler Room,#/publication/boiler-room,1
Boing Boing,#/publication/boing-boing,1
Bomb Magazine,#/publication/bomb-magazine,1
Bonappetit.com,#/publication/bonappetitcom,1
Book Riot,#/publication/book-riot,1
Bookforum,#/publication/bookforum,1
Books & Culture,#/publication/books--culture,1
Bookslut,#/publication/bookslut,1
Boom: A Journal Of California,#/publication/boom-a-journal-of-california,1
Boston Globe,#/publication/boston-globe,1
Boston Globe Magazine,#/publication/boston-globe-magazine,1
Boston Herald,#/publication/boston-herald,1
Boston Magazine,#/publication/boston-magazine,1
Boston Phoenix,#/publication/boston-phoenix,1
Boston Review,#/publication/boston-review,1
Boulder Weekly,#/publication/boulder-weekly,1
Box24 Casino Review,#/publication/box24-casino-review,1
Boys' Life Magazine,#/publication/boys-life-magazine,1
Brain Mill Press - Voices,#/publication/brain-mill-press--voices,1
Brain World,#/publication/brain-world,1
Brand Quarterly,#/publication/brand-quarterly,1
Brickunderground,#/publication/brickunderground,1
Bright,#/publication/bright,1
Bright Wall/dark Room,#/publication/bright-walldark-room,1
Brit + Co,#/publication/brit--co,1
Broadly,#/publication/broadly,1
Broadly (vice),#/publication/broadly-vice,1
Brobible,#/publication/brobible,1
Broken Pencil,#/publication/broken-pencil,1
Brooklyn Exposed,#/publication/brooklyn-exposed,1
Brooklyn Magazine,#/publication/brooklyn-magazine,1
Brooklyn Rail,#/publication/brooklyn-rail,1
Brown Alumni Magazine,#/publication/brown-alumni-magazine,1
Bu Today,#/publication/bu-today,1
Budget Travel Magazine,#/publication/budget-travel-magazine,1
Bullett,#/publication/bullett,1
Burnaway.org,#/publication/burnawayorg,1
Business Insurance,#/publication/business-insurance,1
Businessweek,#/publication/businessweek,1
Bust,#/publication/bust,1
Bustle,#/publication/bustle,1
Buzzfeed,#/publication/buzzfeed,1
Buzzfeed India,#/publication/buzzfeed-india,1
Byrdie,#/publication/byrdie,1
C Magazine,#/publication/c-magazine,1
C-ville Weekly,#/publication/cville-weekly,1
Cafe.com,#/publication/cafecom,1
Cafemom The Stir,#/publication/cafemom-the-stir,1
California Fly Fisher,#/publication/california-fly-fisher,1
California Magazine,#/publication/california-magazine,1
California Sunday Magazine,#/publication/california-sunday-magazine,1
Calvert Journal,#/publication/calvert-journal,1
Canadaland,#/publication/canadaland,1
Canadian Art,#/publication/canadian-art,1
Canadian Living,#/publication/canadian-living,1
Cancer Discovery,#/publication/cancer-discovery,1
Capital New York,#/publication/capital-new-york,1
Capper's,#/publication/cappers,1
Caravanistan,#/publication/caravanistan,1
Carolina Parent,#/publication/carolina-parent,1
Casinopedia,#/publication/casinopedia,1
Cassius,#/publication/cassius,1
Catapult,#/publication/catapult,1
Catholic Review,#/publication/catholic-review,1
Catster,#/publication/catster,1
Ceilings And Standards,#/publication/ceilings-and-standards,1
Celebrations.com,#/publication/celebrationscom,1
Cengage/gale,#/publication/cengagegale,1
Center For Digital Ethics,#/publication/center-for-digital-ethics,1
Chamber Music America,#/publication/chamber-music-america,1
Chap Magazine,#/publication/chap-magazine,1
Charlottesville Family,#/publication/charlottesville-family,1
Cheapism.com,#/publication/cheapismcom,1
Cheese Connoisseur,#/publication/cheese-connoisseur,1
Chefsfeed,#/publication/chefsfeed,1
Chicago Magazine,#/publication/chicago-magazine,1
Chicago Reader,#/publication/chicago-reader,1
Chicago Tribune,#/publication/chicago-tribune,1
Chicago Tribune Printers Row Literary Supplement,#/publication/chicago-tribune-printers-row-literary-supplement,1
Chickpea Magazine,#/publication/chickpea-magazine,1
Chowhound,#/publication/chowhound,1
Christ And Pop Culture Magazine,#/publication/christ-and-pop-culture-magazine,1
Christian Science Monitor,#/publication/christian-science-monitor,1
Christianity Today,#/publication/christianity-today,1
Chronicle Of Higher Education,#/publication/chronicle-of-higher-education,1
Cicada Magazine,#/publication/cicada-magazine,1
Cim Magazine,#/publication/cim-magazine,1
Citiscope,#/publication/citiscope,1
City Limits,#/publication/city-limits,1
City Of Hype,#/publication/city-of-hype,1
City Pages,#/publication/city-pages,1
Citylab,#/publication/citylab,1
Civil Eats,#/publication/civil-eats,1
Classical Magazine,#/publication/classical-magazine,1
Cleis Press,#/publication/cleis-press,1
Cleveland Plain Dealer,#/publication/cleveland-plain-dealer,1
Climbing,#/publication/climbing,1
Climbing Business Journal,#/publication/climbing-business-journal,1
Cloudtweaks.com,#/publication/cloudtweakscom,1
Cluster Magazine,#/publication/cluster-magazine,1
Cnbc.com,#/publication/cnbccom,1
Cnn,#/publication/cnn,1
Co.design,#/publication/codesign,1
Colors Berlin,#/publication/colors-berlin,1
Columbia Journalism Review,#/publication/columbia-journalism-review,1
Columbia Magazine,#/publication/columbia-magazine,1
Communication World Magazine,#/publication/communication-world-magazine,1
Compass Cultura,#/publication/compass-cultura,1
Complex,#/publication/complex,1
Conde Nast Traveler,#/publication/conde-nast-traveler,1
Connecticut Bride,#/publication/connecticut-bride,1
Conscious Community Magazine,#/publication/conscious-community-magazine,1
Consequence Of Sound,#/publication/consequence-of-sound,1
Constant Content,#/publication/constant-content,1
Consumers Digest,#/publication/consumers-digest,1
Consumersearch.com,#/publication/consumersearchcom,1
Contently / Trulia,#/publication/contently--trulia,1
Conversation,#/publication/conversation,1
Convivium,#/publication/convivium,1
Coolhunting,#/publication/coolhunting,1
Corporatestays,#/publication/corporatestays,1
Cosmopolitan,#/publication/cosmopolitan,1
Cosmopolitan Uk,#/publication/cosmopolitan-uk,1
Cosmos Magazine,#/publication/cosmos-magazine,1
Cowboys & Indians,#/publication/cowboys--indians,1
Crack,#/publication/crack,1
Cracked,#/publication/cracked,1
Craft Beer Magazine,#/publication/craft-beer-magazine,1
Craft Industry Alliance,#/publication/craft-industry-alliance,1
Crain's Chicago Business,#/publication/crains-chicago-business,1
Crain's Cleveland Business,#/publication/crains-cleveland-business,1
Crain's New York,#/publication/crains-new-york,1
Creative Loafing Atlanta,#/publication/creative-loafing-atlanta,1
Creative Screenwriting,#/publication/creative-screenwriting,1
Creators News,#/publication/creators-news,1
Cricket Media,#/publication/cricket-media,1
Crixeo,#/publication/crixeo,1
Crosscut,#/publication/crosscut,1
Crossed Genres,#/publication/crossed-genres,1
Csm Modern Parenting,#/publication/csm-modern-parenting,1
Cuepoint,#/publication/cuepoint,1
Culture Trip,#/publication/culture-trip,1
Culturess,#/publication/culturess,1
Curbed,#/publication/curbed,1
Curiosity,#/publication/curiosity,1
Current Affairs,#/publication/current-affairs,1
Curve Magazine,#/publication/curve-magazine,1
Cut.com,#/publication/cutcom,1
Cut.com,#/publication/cutcom,1
D Magazine,#/publication/d-magazine,1
Daily Detroit,#/publication/daily-detroit,1
Daily Mail,#/publication/daily-mail,1
Daily Serving,#/publication/daily-serving,1
Daily Telegraph,#/publication/daily-telegraph,1
Daily Xtra,#/publication/daily-xtra,1
Daily Yonder,#/publication/daily-yonder,1
Dallas Voice,#/publication/dallas-voice,1
Dame Magazine,#/publication/dame-magazine,1
Dance International,#/publication/dance-international,1
Dance Retailer News,#/publication/dance-retailer-news,1
Darling Magazine,#/publication/darling-magazine,1
Dazed,#/publication/dazed,1
Dc Inno,#/publication/dc-inno,1
De Magazine (or Design Exchange Magazine),#/publication/de-magazine-or-design-exchange-magazine,1
Deadspin,#/publication/deadspin,1
Debt.com,#/publication/debtcom,1
Deep South Magazine,#/publication/deep-south-magazine,1
Departures,#/publication/departures,1
Desert Companion,#/publication/desert-companion,1
Detroit Metro Times,#/publication/detroit-metro-times,1
Devex,#/publication/devex,1
Differencebetween.net,#/publication/differencebetweennet,1
Difford's Guide,#/publication/diffords-guide,1
Dig Boston,#/publication/dig-boston,1
Digital Spy,#/publication/digital-spy,1
Dirt Rag Magazine,#/publication/dirt-rag-magazine,1
Dirt Rag Magazine,#/publication/dirt-rag-magazine,1
Discover,#/publication/discover,1
Disfunkshion Magazine,#/publication/disfunkshion-magazine,1
Distinctly Montana,#/publication/distinctly-montana,1
Diva,#/publication/diva,1
Diversity Woman,#/publication/diversity-woman,1
Diy Magazine,#/publication/diy-magazine,1
Dj Tech Tools,#/publication/dj-tech-tools,1
Djed Press,#/publication/djed-press,1
Dnainfo.com,#/publication/dnainfocom,1
Documented,#/publication/documented,1
Dogster.com,#/publication/dogstercom,1
Domino,#/publication/domino,1
Domus (europe),#/publication/domus-europe,1
Dorado,#/publication/dorado,1
Downtown Neighbors,#/publication/downtown-neighbors,1
Draft Magazine,#/publication/draft-magazine,1
Dreamchrono,#/publication/dreamchrono,1
Dujour,#/publication/dujour,1
Dumpling Magazine,#/publication/dumpling-magazine,1
"Dungeon & Dragons Magazine (""wizards Of The Coast"")",#/publication/dungeon--dragons-magazine-wizards-of-the-coast,1
Dwell,#/publication/dwell,1
Earth Island Journal,#/publication/earth-island-journal,1
Earther,#/publication/earther,1
East Bay Express,#/publication/east-bay-express,1
Eater,#/publication/eater,1
Eater Atlanta,#/publication/eater-atlanta,1
Eating Well,#/publication/eating-well,1
Ebony,#/publication/ebony,1
Ecowatch,#/publication/ecowatch,1
Edible D.c.,#/publication/edible-dc,1
Efniks,#/publication/efniks,1
El Español,#/publication/el-espaol,1
El Pais,#/publication/el-pais,1
El Universo,#/publication/el-universo,1
Electric Literature,#/publication/electric-literature,1
Electronic Intifada,#/publication/electronic-intifada,1
Electronic Sound,#/publication/electronic-sound,1
Elephant,#/publication/elephant,1
Elle,#/publication/elle,1
Elle India,#/publication/elle-india,1
Emusic,#/publication/emusic,1
Encore Stages,#/publication/encore-stages,1
Endless Vacation,#/publication/endless-vacation,1
Engadget,#/publication/engadget,1
Engineering News-record,#/publication/engineering-newsrecord,1
Ensia,#/publication/ensia,1
Entrepreneur Magazine,#/publication/entrepreneur-magazine,1
Equality For Her,#/publication/equality-for-her,1
Erosion Control Magazine,#/publication/erosion-control-magazine,1
Esglobal,#/publication/esglobal,1
Esme,#/publication/esme,1
Espn Esports,#/publication/espn-esports,1
Espn The Magazine,#/publication/espn-the-magazine,1
Esquire,#/publication/esquire,1
Esquire (online),#/publication/esquire-online,1
Event,#/publication/event,1
Everfest,#/publication/everfest,1
Everyday Feminism,#/publication/everyday-feminism,1
Everyday Health,#/publication/everyday-health,1
Excelle Sports,#/publication/excelle-sports,1
Exclaim,#/publication/exclaim,1
Exeunt Magazine,#/publication/exeunt-magazine,1
Experience Life,#/publication/experience-life,1
Extra Crispy,#/publication/extra-crispy,1
Fact Magazine,#/publication/fact-magazine,1
Family Circle,#/publication/family-circle,1
Family Fun Canada,#/publication/family-fun-canada,1
Fanbread,#/publication/fanbread,1
Fansided,#/publication/fansided,1
Far And Wide,#/publication/far-and-wide,1
Fashion Unfiltered,#/publication/fashion-unfiltered,1
Fashionista,#/publication/fashionista,1
Fast Company,#/publication/fast-company,1
Fastcompany.com,#/publication/fastcompanycom,1
Fatherly,#/publication/fatherly,1
Feedsyndicate,#/publication/feedsyndicate,1
Femsplain,#/publication/femsplain,1
Fender,#/publication/fender,1
Fierce By Mitú,#/publication/fierce-by-mit,1
Fiftyisthenewfifty.com,#/publication/fiftyisthenewfiftycom,1
Fightland,#/publication/fightland,1
Film Comment,#/publication/film-comment,1
Film School Rejects,#/publication/film-school-rejects,1
Filter,#/publication/filter,1
Filter Magazine,#/publication/filter-magazine,1
Financial Post,#/publication/financial-post,1
Fine Gardening,#/publication/fine-gardening,1
Fitness,#/publication/fitness,1
Fivethirtyeight,#/publication/fivethirtyeight,1
Flamingo,#/publication/flamingo,1
Flare,#/publication/flare,1
Flash Art,#/publication/flash-art,1
Flaunt Magazine,#/publication/flaunt-magazine,1
Flood Magazine,#/publication/flood-magazine,1
Florida Bulldog,#/publication/florida-bulldog,1
Fluentu,#/publication/fluentu,1
Focus Middle Tennessee,#/publication/focus-middle-tennessee,1
Fodor's,#/publication/fodors,1
Folks,#/publication/folks,1
Food 52,#/publication/food-52,1
Food Republic,#/publication/food-republic,1
Foodbeast,#/publication/foodbeast,1
For Her By Aleteia,#/publication/for-her-by-aleteia,1
Forbes,#/publication/forbes,1
Foreign Policy,#/publication/foreign-policy,1
Forge Literary Magazine,#/publication/forge-literary-magazine,1
Fortune.com,#/publication/fortunecom,1
Foss Force,#/publication/foss-force,1
Fox News - Travel,#/publication/fox-news--travel,1
Free Speech Radio News,#/publication/free-speech-radio-news,1
Freedom With Writing,#/publication/freedom-with-writing,1
Freelance Writing (Ezine),#/publication/freelance-writing-ezine,1
Freemuse.org/global Voices,#/publication/freemuseorgglobal-voices,1
Frieze,#/publication/frieze,1
Fugue,#/publication/fugue,1
Full Stop,#/publication/full-stop,1
Funny Times,#/publication/funny-times,1
Fuse.tv,#/publication/fusetv,1
Fusion,#/publication/fusion,1
Gal-dem,#/publication/galdem,1
Galore,#/publication/galore,1
Gamut,#/publication/gamut,1
Garage (Vice),#/publication/garage-vice,1
Gawker,#/publication/gawker,1
Geek & Sundry,#/publication/geek--sundry,1
Geist Magazine,#/publication/geist-magazine,1
Getabstract,#/publication/getabstract,1
Girlboss,#/publication/girlboss,1
Girls' Life,#/publication/girls-life,1
Gizmodo,#/publication/gizmodo,1
Glamour,#/publication/glamour,1
Global Canadian,#/publication/global-canadian,1
Global Comment,#/publication/global-comment,1
Global Community News,#/publication/global-community-news,1
Global Post,#/publication/global-post,1
Globalo,#/publication/globalo,1
Globein Blog,#/publication/globein-blog,1
Gloholiday,#/publication/gloholiday,1
Gluten Free Living,#/publication/gluten-free-living,1
Gnome Magazine,#/publication/gnome-magazine,1
Go Magazine,#/publication/go-magazine,1
Go World Travel,#/publication/go-world-travel,1
Good Housekeeping,#/publication/good-housekeeping,1
Good Magazine,#/publication/good-magazine,1
"Good Magazine, Project Literacy Series",#/publication/good-magazine-project-literacy-series,1
Gothamist,#/publication/gothamist,1
Gq,#/publication/gq,1
Gradesaver,#/publication/gradesaver,1
Gradient,#/publication/gradient,1
Grammarly Blog,#/publication/grammarly-blog,1
Granite Media,#/publication/granite-media,1
Granta,#/publication/granta,1
Grantland,#/publication/grantland,1
Greatist,#/publication/greatist,1
Green Parent,#/publication/green-parent,1
Greentech Media,#/publication/greentech-media,1
Grist,#/publication/grist,1
Groknation,#/publication/groknation,1
Guardian Labs,#/publication/guardian-labs,1
Guernica,#/publication/guernica,1
Guideposts.org,#/publication/guidepostsorg,1
Gulf Coast Magazine,#/publication/gulf-coast-magazine,1
Guts Canadian Feminist Magazine,#/publication/guts-canadian-feminist-magazine,1
Hakai Magazine,#/publication/hakai-magazine,1
Happenmag.com,#/publication/happenmagcom,1
Hardcore Gaming 101,#/publication/hardcore-gaming-101,1
Harlem Bee,#/publication/harlem-bee,1
Harper's,#/publication/harpers,1
Hartford Courant,#/publication/hartford-courant,1
Harvard Magazine,#/publication/harvard-magazine,1
Hawaii Building Industry,#/publication/hawaii-building-industry,1
Hayden's Ferry Review,#/publication/haydens-ferry-review,1
Hazlitt,#/publication/hazlitt,1
Headspace,#/publication/headspace,1
Headstuff.org,#/publication/headstufforg,1
Healing Lifestyles & Spas,#/publication/healing-lifestyles--spas,1
Healio,#/publication/healio,1
Health Magazine,#/publication/health-magazine,1
Health Magazine,#/publication/health-magazine,1
Healthline,#/publication/healthline,1
Healthyplace,#/publication/healthyplace,1
Healthyway,#/publication/healthyway,1
Healthyway,#/publication/healthyway,1
Hedgeapple,#/publication/hedgeapple,1
Hello Giggles,#/publication/hello-giggles,1
Helloflo,#/publication/helloflo,1
Herizons,#/publication/herizons,1
Heterotopias,#/publication/heterotopias,1
Heyreverb.com,#/publication/heyreverbcom,1
Hidden Europe Magazine,#/publication/hidden-europe-magazine,1
High Country News,#/publication/high-country-news,1
High Snobiety,#/publication/high-snobiety,1
High Times,#/publication/high-times,1
Highend Media / Gatehouse Publishing,#/publication/highend-media--gatehouse-publishing,1
Hinduism Today,#/publication/hinduism-today,1
Hippocampus Magazine,#/publication/hippocampus-magazine,1
Hollywood Reporter,#/publication/hollywood-reporter,1
Hollywood's Black Renaissance,#/publication/hollywoods-black-renaissance,1
Home Business Magazine,#/publication/home-business-magazine,1
Homelight,#/publication/homelight,1
Homify,#/publication/homify,1
Honey Colony,#/publication/honey-colony,1
Hoodline,#/publication/hoodline,1
Hooked (telepathic.tv),#/publication/hooked-telepathictv,1
Hopes And Fears,#/publication/hopes-and-fears,1
Hopkins Review,#/publication/hopkins-review,1
Hotnewhiphop,#/publication/hotnewhiphop,1
Hour Detroit,#/publication/hour-detroit,1
Housetipster,#/publication/housetipster,1
How Magazine,#/publication/how-magazine,1
Hr Dive,#/publication/hr-dive,1
Http://www.curatedquotes.com,#/publication/httpwwwcuratedquotescom,1
Https://www.safestbettingsites.com/blog/has-bitcoin-saved-offshore-betting-sites,#/publication/httpswwwsafestbettingsitescombloghasbitcoinsavedoffshorebettingsites,1
Huck Magazine,#/publication/huck-magazine,1
Hudson Reporter,#/publication/hudson-reporter,1
Huffington Post,#/publication/huffington-post,1
Huffington Post Food & Drink,#/publication/huffington-post-food--drink,1
"Human Parts, Medium (Now Defunct)",#/publication/human-parts-medium-now-defunct,1
Hunting Mark,#/publication/hunting-mark,1
Hustler Magazine,#/publication/hustler-magazine,1
Hyperallergic,#/publication/hyperallergic,1
I,#/publication/i,1
I-d (Vice),#/publication/id-vice,1
Ibelieve,#/publication/ibelieve,1
Idiom,#/publication/idiom,1
Ign,#/publication/ign,1
Image,#/publication/image,1
Imbibe,#/publication/imbibe,1
Impact,#/publication/impact,1
Impose,#/publication/impose,1
In Geveb: A Journal Of Yiddish Studies,#/publication/in-geveb-a-journal-of-yiddish-studies,1
In Kind,#/publication/in-kind,1
In These Times,#/publication/in-these-times,1
Inbound Logistics,#/publication/inbound-logistics,1
Inc.,#/publication/inc,1
Indesignlive.com,#/publication/indesignlivecom,1
India Abroad,#/publication/india-abroad,1
Indianapolis Monthly,#/publication/indianapolis-monthly,1
Indianapolis Star,#/publication/indianapolis-star,1
Indiewire,#/publication/indiewire,1
Industrie Magazine,#/publication/industrie-magazine,1
Indy Week,#/publication/indy-week,1
Infoq,#/publication/infoq,1
Information Today,#/publication/information-today,1
Informationweek,#/publication/informationweek,1
Inside Higher Ed,#/publication/inside-higher-ed,1
Insider,#/publication/insider,1
Institutional Investor,#/publication/institutional-investor,1
Instyle.com,#/publication/instylecom,1
International Business Times Uk,#/publication/international-business-times-uk,1
International Herald Tribune,#/publication/international-herald-tribune,1
International Policy Digest,#/publication/international-policy-digest,1
International Wine Accessories Blog,#/publication/international-wine-accessories-blog,1
Internet Retailer,#/publication/internet-retailer,1
Interview Magazine,#/publication/interview-magazine,1
Into,#/publication/into,1
Intransit,#/publication/intransit,1
Introvert Dear,#/publication/introvert-dear,1
Inverse,#/publication/inverse,1
Investigative Reporting,#/publication/investigative-reporting,1
Invision,#/publication/invision,1
Islands Magazine,#/publication/islands-magazine,1
Italian America,#/publication/italian-america,1
Ithaca Times,#/publication/ithaca-times,1
Ivn(.)us,#/publication/ivnus,1
Jackson Free Press,#/publication/jackson-free-press,1
Jacobin,#/publication/jacobin,1
Jalopnik,#/publication/jalopnik,1
Jalopnik,#/publication/jalopnik,1
Jalopnik,#/publication/jalopnik,1
Jenreviews,#/publication/jenreviews,1
Jetsett,#/publication/jetsett,1
Jetstar Asia,#/publication/jetstar-asia,1
Jetstar Australia,#/publication/jetstar-australia,1
Jewish In Seattle,#/publication/jewish-in-seattle,1
Jezebel,#/publication/jezebel,1
Jsource,#/publication/jsource,1
Jstor Daily,#/publication/jstor-daily,1
Jungle World,#/publication/jungle-world,1
Kaleidoscope,#/publication/kaleidoscope,1
Kcet Artbound,#/publication/kcet-artbound,1
Kenyon Review,#/publication/kenyon-review,1
Kerrang!,#/publication/kerrang,1
Kidspot,#/publication/kidspot,1
Kill Screen,#/publication/kill-screen,1
Kindred Spirit,#/publication/kindred-spirit,1
Kinfolk Magazine,#/publication/kinfolk-magazine,1
Kinoscope,#/publication/kinoscope,1
Kirkus Indie,#/publication/kirkus-indie,1
Kirkus Reviews,#/publication/kirkus-reviews,1
Kiwi Magazine,#/publication/kiwi-magazine,1
Kpopstarz,#/publication/kpopstarz,1
Kveller,#/publication/kveller,1
L.a. Downtowner,#/publication/la-downtowner,1
L.a. Weekly,#/publication/la-weekly,1
L0w L1f3 Magazine,#/publication/l0w-l1f3-magazine,1
La Review Of Books,#/publication/la-review-of-books,1
La Taco,#/publication/la-taco,1
Lady Clever,#/publication/lady-clever,1
Lambda Literary Review,#/publication/lambda-literary-review,1
Landscape Architecture Magazine,#/publication/landscape-architecture-magazine,1
Lapham's Quarterly,#/publication/laphams-quarterly,1
Latino Leaders,#/publication/latino-leaders,1
Leader's Edge Magazine,#/publication/leaders-edge-magazine,1
Leapsmag,#/publication/leapsmag,1
Learnvest,#/publication/learnvest,1
Lenny Letter,#/publication/lenny-letter,1
Lifehacker,#/publication/lifehacker,1
Lifestyle Publications,#/publication/lifestyle-publications,1
Lifetimedaily.com,#/publication/lifetimedailycom,1
Lift & Co,#/publication/lift--co,1
Lighting & Sound America,#/publication/lighting--sound-america,1
Ligiddy.com,#/publication/ligiddycom,1
Line Shopping In Sports Betting,#/publication/line-shopping-in-sports-betting,1
Listverse.com,#/publication/listversecom,1
Literary Hub,#/publication/literary-hub,1
Literary Traveler,#/publication/literary-traveler,1
"Little Ones, Charlotte Edition",#/publication/little-ones-charlotte-edition,1
Little White Lies,#/publication/little-white-lies,1
Live Happy,#/publication/live-happy,1
Livestrong.com,#/publication/livestrongcom,1
Livingbetter50,#/publication/livingbetter50,1
Loaded Magazine,#/publication/loaded-magazine,1
Locale Magazine,#/publication/locale-magazine,1
Locavore Magazine,#/publication/locavore-magazine,1
London Review Of Books,#/publication/london-review-of-books,1
Londonist,#/publication/londonist,1
Longreads Exclusives,#/publication/longreads-exclusives,1
Looper,#/publication/looper,1
Los Angeles Magazine,#/publication/los-angeles-magazine,1
Los Angeles Review Of Books,#/publication/los-angeles-review-of-books,1
Los Angeles Times,#/publication/los-angeles-times,1
Love Story,#/publication/love-story,1
Love2fly,#/publication/love2fly,1
Lucky Magazine,#/publication/lucky-magazine,1
Lucky Peach,#/publication/lucky-peach,1
Luxe Interiors And Design Magazine,#/publication/luxe-interiors-and-design-magazine,1
Luxos Magazine,#/publication/luxos-magazine,1
Luxury Travel Australia,#/publication/luxury-travel-australia,1
Lwn,#/publication/lwn,1
M: Music And Musicians,#/publication/m-music-and-musicians,1
M2 Magazine (australia And New Zealand),#/publication/m2-magazine-australia-and-new-zealand,1
Maclean's Magazine,#/publication/macleans-magazine,1
Magenta,#/publication/magenta,1
Maisonneuve,#/publication/maisonneuve,1
Make/shift,#/publication/makeshift,1
Makeuseof,#/publication/makeuseof,1
Making A Living Writing,#/publication/making-a-living-writing,1
Man Repeller,#/publication/man-repeller,1
Marie Claire,#/publication/marie-claire,1
Marquette Magazine,#/publication/marquette-magazine,1
Martha Stewart Living,#/publication/martha-stewart-living,1
Maryland Life,#/publication/maryland-life,1
Mashable,#/publication/mashable,1
Mashed,#/publication/mashed,1
Mask Magazine,#/publication/mask-magazine,1
Massage Magazine,#/publication/massage-magazine,1
Matador Network,#/publication/matador-network,1
Matchbook,#/publication/matchbook,1
Mattermark,#/publication/mattermark,1
Maura Magazine,#/publication/maura-magazine,1
Maxim,#/publication/maxim,1
Mcsweeny's Internet Tendency,#/publication/mcsweenys-internet-tendency,1
Md Magazine,#/publication/md-magazine,1
Mdedge,#/publication/mdedge,1
Media Bistro,#/publication/media-bistro,1
Mediaite,#/publication/mediaite,1
Medical Economics,#/publication/medical-economics,1
Medium,#/publication/medium,1
Medium.com War Is Boring,#/publication/mediumcom-war-is-boring,1
Medshadow,#/publication/medshadow,1
Mel Magazine,#/publication/mel-magazine,1
Memphis Magazine,#/publication/memphis-magazine,1
Men's Health,#/publication/mens-health,1
Men's Journal,#/publication/mens-journal,1
Mental Floss,#/publication/mental-floss,1
Merry Jane,#/publication/merry-jane,1
Metal Hammer,#/publication/metal-hammer,1
Metropolis Magazine,#/publication/metropolis-magazine,1
Michigan Quarterly Review,#/publication/michigan-quarterly-review,1
Middle East Educator,#/publication/middle-east-educator,1
Middle East Eye,#/publication/middle-east-eye,1
Middle East Monitor,#/publication/middle-east-monitor,1
Midnight Breakfast,#/publication/midnight-breakfast,1
Midtown,#/publication/midtown,1
Minnesota Parent,#/publication/minnesota-parent,1
Mint,#/publication/mint,0
Mississippi Magazine,#/publication/mississippi-magazine,1
Mit Technology Review,#/publication/mit-technology-review,1
Mithila Review,#/publication/mithila-review,1
Mode Media,#/publication/mode-media,1
Model View Culture,#/publication/model-view-culture,1
Modern Farmer,#/publication/modern-farmer,1
Modern Luxury,#/publication/modern-luxury,1
Modern Luxury - Manhattan,#/publication/modern-luxury--manhattan,1
Modern Magazine,#/publication/modern-magazine,1
Modern Painters,#/publication/modern-painters,1
Mom.me,#/publication/momme,1
Mom.me,#/publication/momme,1
Moment Magazine,#/publication/moment-magazine,1
Mommyish,#/publication/mommyish,1
Momondo,#/publication/momondo,1
Momus,#/publication/momus,1
Money Talks News,#/publication/money-talks-news,1
Moneycrashers.com,#/publication/moneycrasherscom,1
Moneywise,#/publication/moneywise,1
Mongabay.com,#/publication/mongabaycom,1
Monocle,#/publication/monocle,1
Monster.com,#/publication/monstercom,1
Montecristo Magazine,#/publication/montecristo-magazine,1
Moot,#/publication/moot,1
Mother Jones,#/publication/mother-jones,1
Motherboard (vice),#/publication/motherboard-vice,1
Mothers Always Write,#/publication/mothers-always-write,1
Mountain Magazine,#/publication/mountain-magazine,1
Mrporter.com The Daily,#/publication/mrportercom-the-daily,1
Ms. Blog (Ms. Magazine),#/publication/ms-blog-ms-magazine,1
Muftah,#/publication/muftah,1
Multilingual Magazine,#/publication/multilingual-magazine,1
Murietalifestyles.com,#/publication/murietalifestylescom,1
Muslim Girl,#/publication/muslim-girl,1
Muumuu House,#/publication/muumuu-house,1
My Bank Tracker,#/publication/my-bank-tracker,0
Myspace.com,#/publication/myspacecom,1
Mystery Tribune,#/publication/mystery-tribune,1
N+1,#/publication/n1,1
Nailpro,#/publication/nailpro,0
Narratively,#/publication/narratively,1
Nashville Review,#/publication/nashville-review,1
National Education Association - Travel Newsletter,#/publication/national-education-association--travel-newsletter,1
National Geographic – Intelligent Travel Blog,#/publication/national-geographic--intelligent-travel-blog,1
National Geographic –Voice For Elephants Blog,#/publication/national-geographic-voice-for-elephants-blog,1
National Geographic Kids,#/publication/national-geographic-kids,1
National Geographic News,#/publication/national-geographic-news,1
National Geographic Travel,#/publication/national-geographic-travel,1
National Geographic Traveler,#/publication/national-geographic-traveler,1
National Review Online,#/publication/national-review-online,1
"Naturally, Danny Seo",#/publication/naturally-danny-seo,1
Nature: Futures,#/publication/nature-futures,1
Nature: Soapbox Science,#/publication/nature-soapbox-science,0
Nautilus Magazine,#/publication/nautilus-magazine,1
Nbc News Asian America,#/publication/nbc-news-asian-america,1
Nbc News Better,#/publication/nbc-news-better,1
Nbc News Think,#/publication/nbc-news-think,1
Nebraska Life,#/publication/nebraska-life,1
Neo.life,#/publication/neolife,1
Nerve,#/publication/nerve,1
Networkworld,#/publication/networkworld,1
New African,#/publication/new-african,1
New Food Economy,#/publication/new-food-economy,1
New Hampshire Business Review,#/publication/new-hampshire-business-review,1
New Naratif,#/publication/new-naratif,1
New Reader Magazine,#/publication/new-reader-magazine,1
New Scientist,#/publication/new-scientist,1
New Socialist,#/publication/new-socialist,1
New Statesman,#/publication/new-statesman,1
New York Daily News,#/publication/new-york-daily-news,1
New York Magazine,#/publication/new-york-magazine,1
New York Observer,#/publication/new-york-observer,1
New York Press,#/publication/new-york-press,1
New York Review Of Books,#/publication/new-york-review-of-books,1
New York Times – T Style Magazine,#/publication/new-york-times--t-style-magazine,1
New York Times Magazine,#/publication/new-york-times-magazine,1
New York Times Motherlode,#/publication/new-york-times-motherlode,1
New York Times Travel,#/publication/new-york-times-travel,1
Newest York,#/publication/newest-york,0
News & Observer,#/publication/news--observer,1
News Deeply,#/publication/news-deeply,1
News For Shoppers,#/publication/news-for-shoppers,1
Newsline Magazine,#/publication/newsline-magazine,1
Newsmotion,#/publication/newsmotion,1
Newsweek,#/publication/newsweek,1
Next City,#/publication/next-city,1
Nextavenue.org,#/publication/nextavenueorg,1
Nexttribe,#/publication/nexttribe,0
Nfl Football Vs. College Football Betting | Differences & Similarities,#/publication/nfl-football-vs-college-football-betting--differences--similarities,0
Nikkei Asian Review,#/publication/nikkei-asian-review,1
Nme,#/publication/nme,1
No Risk Seo,#/publication/no-risk-seo,0
Nob Hill Gazette,#/publication/nob-hill-gazette,1
Noisey (vice),#/publication/noisey-vice,1
North American Congress On Latin America (Nacla),#/publication/north-american-congress-on-latin-america-nacla,1
North Bay Biz,#/publication/north-bay-biz,1
North Coast Journal,#/publication/north-coast-journal,1
North Jersey Media Group,#/publication/north-jersey-media-group,1
Northern Virginia Magazine,#/publication/northern-virginia-magazine,1
Novanext,#/publication/novanext,1
Now Magazine,#/publication/now-magazine,1
Npr,#/publication/npr,1
Npr,#/publication/npr,1
Npr Code Switch,#/publication/npr-code-switch,1
Nursetogether.com,#/publication/nursetogethercom,1
Nuvo,#/publication/nuvo,1
Ny Arts Magazine,#/publication/ny-arts-magazine,1
Ny Mag,#/publication/ny-mag,1
Ny Thrills,#/publication/ny-thrills,1
Nycitywoman,#/publication/nycitywoman,1
Nylon,#/publication/nylon,1
Nymetroparents,#/publication/nymetroparents,0
Oak - The Nordic Journal,#/publication/oak--the-nordic-journal,1
Oakland Magazine,#/publication/oakland-magazine,1
Oberoi Magazine,#/publication/oberoi-magazine,0
Observatory,#/publication/observatory,1
Obsev,#/publication/obsev,1
Occupy.com,#/publication/occupycom,1
October,#/publication/october,1
Office Pro,#/publication/office-pro,1
Official Xbox Magazine,#/publication/official-xbox-magazine,0
Okayafrica,#/publication/okayafrica,1
Okey-panky,#/publication/okeypanky,1
Oklahoma Gazette,#/publication/oklahoma-gazette,1
On She Goes,#/publication/on-she-goes,1
Onlineunitedstatescasinos.com,#/publication/onlineunitedstatescasinoscom,1
Ookpixels,#/publication/ookpixels,1
Open,#/publication/open,1
Open Culture,#/publication/open-culture,1
Opentable Blog,#/publication/opentable-blog,1
Oregon Beer Growler,#/publication/oregon-beer-growler,1
Oregon Business,#/publication/oregon-business,1
Oregon Healthy Living,#/publication/oregon-healthy-living,1
Otaku Usa Magazine,#/publication/otaku-usa-magazine,1
Ourselves Black,#/publication/ourselves-black,1
Out (Online),#/publication/out-online,1
Outside (online),#/publication/outside-online,1
Outside Bozeman,#/publication/outside-bozeman,1
Outside Online,#/publication/outside-online,1
Overland Literary Journal,#/publication/overland-literary-journal,1
Overture,#/publication/overture,1
Oxford American,#/publication/oxford-american,1
Oxford University Press,#/publication/oxford-university-press,1
Oyster,#/publication/oyster,1
Ozy,#/publication/ozy,1
Pacific Standard,#/publication/pacific-standard,1
Pagely,#/publication/pagely,1
Panorama,#/publication/panorama,1
Paper Magazine,#/publication/paper-magazine,1
Parade,#/publication/parade,1
Paradise Pets,#/publication/paradise-pets,0
Parallax News,#/publication/parallax-news,1
Parent Co,#/publication/parent-co,1
Parenting Magazine,#/publication/parenting-magazine,1
Parentmap,#/publication/parentmap,1
Parents,#/publication/parents,1
Particle,#/publication/particle,1
Paste Magazine,#/publication/paste-magazine,1
"Paste Magazine, Food Section",#/publication/paste-magazine-food-section,1
Pbs Mediashift,#/publication/pbs-mediashift,1
Pbs Nova: Nature Of Reality Blog,#/publication/pbs-nova-nature-of-reality-blog,1
Pcma Convene,#/publication/pcma-convene,1
Pcmag,#/publication/pcmag,1
Pens And Needles,#/publication/pens-and-needles,1
Penthouse,#/publication/penthouse,1
Peppermint Magazine,#/publication/peppermint-magazine,1
Perihelion Science Fiction,#/publication/perihelion-science-fiction,1
Pet Business,#/publication/pet-business,1
Philadelphia Inquirer,#/publication/philadelphia-inquirer,1
Photopreneur,#/publication/photopreneur,1
Physicians Practice,#/publication/physicians-practice,1
Pitchfork,#/publication/pitchfork,1
Pittsburgh Quarterly,#/publication/pittsburgh-quarterly,1
Pizza Today,#/publication/pizza-today,1
Places Journal,#/publication/places-journal,1
Planning Magazine,#/publication/planning-magazine,1
Plate Magazine,#/publication/plate-magazine,1
Playbill,#/publication/playbill,1
Playboy,#/publication/playboy,1
Playboy,#/publication/playboy,1
Ploughshares,#/publication/ploughshares,1
Podiatry Management Magazine,#/publication/podiatry-management-magazine,1
Poetry Foundation,#/publication/poetry-foundation,1
Poets & Writers,#/publication/poets--writers,1
Policy Mic,#/publication/policy-mic,1
Politico Magazine,#/publication/politico-magazine,1
Politico Magazine (Europe Edition),#/publication/politico-magazine-europe-edition,1
Pollstar,#/publication/pollstar,1
Polygon,#/publication/polygon,1
Popmatters,#/publication/popmatters,1
Popsugar,#/publication/popsugar,1
Popula,#/publication/popula,1
Popular Mechanics,#/publication/popular-mechanics,1
Popular Science,#/publication/popular-science,1
Pornoktisch,#/publication/pornoktisch,1
Portable,#/publication/portable,1
Portals Of Prayer,#/publication/portals-of-prayer,1
Porter & Sail,#/publication/porter--sail,1
Porthole,#/publication/porthole,1
Portland Mercury,#/publication/portland-mercury,1
Poynter.org,#/publication/poynterorg,1
Practical Ecommerce,#/publication/practical-ecommerce,0
Practical Pain Management,#/publication/practical-pain-management,1
Prefix Mag,#/publication/prefix-mag,1
Pregnancy & Newborn Magazine,#/publication/pregnancy--newborn-magazine,1
Priceonomics,#/publication/priceonomics,1
Princeton Alumni Weekly,#/publication/princeton-alumni-weekly,1
Prog,#/publication/prog,0
"Projection, Lights And Staging News",#/publication/projection-lights-and-staging-news,1
Projectmanager.com,#/publication/projectmanagercom,1
Prospect Magazine,#/publication/prospect-magazine,1
Pseudopod,#/publication/pseudopod,1
Psychedelic Times,#/publication/psychedelic-times,1
Psychology Today,#/publication/psychology-today,1
Publishers Weekly,#/publication/publishers-weekly,1
Pure Green Magazine,#/publication/pure-green-magazine,1
Purewow,#/publication/purewow,1
Purseblog,#/publication/purseblog,1
Quartz,#/publication/quartz,1
Queen Mob's Teahouse,#/publication/queen-mobs-teahouse,1
Quench Magazine,#/publication/quench-magazine,1
Quill,#/publication/quill,1
Quillette Magazine,#/publication/quillette-magazine,1
Racked,#/publication/racked,1
Radio.com,#/publication/radiocom,1
Rain Taxi,#/publication/rain-taxi,1
Raleigh & Company,#/publication/raleigh--company,1
Rappler,#/publication/rappler,1
Rare,#/publication/rare,1
Ravishly,#/publication/ravishly,1
Reader's Digest,#/publication/readers-digest,1
Reader's Digest Canada,#/publication/readers-digest-canada,1
Real Life Magazine,#/publication/real-life-magazine,1
Realsimple.com,#/publication/realsimplecom,1
Realtor Magazine,#/publication/realtor-magazine,1
Reason,#/publication/reason,1
Recruiter Today,#/publication/recruiter-today,1
Red Bull Music,#/publication/red-bull-music,1
Red Bull Music Academy Magazine (now Rbma Dailly),#/publication/red-bull-music-academy-magazine-now-rbma-dailly,1
Red Bulletin,#/publication/red-bulletin,1
Redmond Magazine,#/publication/redmond-magazine,1
Reductress,#/publication/reductress,1
Refinery29,#/publication/refinery29,1
Relevant Magazine,#/publication/relevant-magazine,1
Religion & Politics,#/publication/religion--politics,1
Religion Dispatches,#/publication/religion-dispatches,1
Religion News Service,#/publication/religion-news-service,1
Remeshed,#/publication/remeshed,1
Remezcla,#/publication/remezcla,1
Renaissance Magazine,#/publication/renaissance-magazine,1
Reno.com,#/publication/renocom,1
Reorient Magazine,#/publication/reorient-magazine,1
Reset.me,#/publication/resetme,1
Restaurant Nuts,#/publication/restaurant-nuts,1
Reuters.com,#/publication/reuterscom,1
Revelist,#/publication/revelist,1
Revision Path,#/publication/revision-path,1
Rewire,#/publication/rewire,1
Rewire News,#/publication/rewire-news,1
Ribbonfarm,#/publication/ribbonfarm,1
Richmond Magazine,#/publication/richmond-magazine,1
Richmond Pulse,#/publication/richmond-pulse,1
Ricochetmedia,#/publication/ricochetmedia,1
Riverfront Times,#/publication/riverfront-times,1
Roads & Kingdoms,#/publication/roads--kingdoms,1
Rock Sound,#/publication/rock-sound,1
Rodale's Organic Life,#/publication/rodales-organic-life,1
Rogue Valley Messenger,#/publication/rogue-valley-messenger,1
Rolling Stone,#/publication/rolling-stone,1
Rookie Mag,#/publication/rookie-mag,1
Rootsrated,#/publication/rootsrated,1
Rova,#/publication/rova,1
Ruminate Magazine,#/publication/ruminate-magazine,1
Runner Click,#/publication/runner-click,1
Runner's World,#/publication/runners-world,1
Rva Magazine,#/publication/rva-magazine,1
Salon,#/publication/salon,1
San Antonio Magazine,#/publication/san-antonio-magazine,1
San Diego Reader,#/publication/san-diego-reader,1
San Francisco Bay Guardian,#/publication/san-francisco-bay-guardian,1
San Francisco Chronicle,#/publication/san-francisco-chronicle,1
San Francisco Examiner,#/publication/san-francisco-examiner,1
San Francisco Magazine,#/publication/san-francisco-magazine,1
Sanat Dunyamiz,#/publication/sanat-dunyamiz,1
Sàpiens,#/publication/spiens,0
Saporta Report,#/publication/saporta-report,1
Saturday Evening Post,#/publication/saturday-evening-post,1
Saveur,#/publication/saveur,1
Sb Nation,#/publication/sb-nation,1
Sb Nation Longform,#/publication/sb-nation-longform,1
Scalawag,#/publication/scalawag,1
Scary Mommy,#/publication/scary-mommy,1
School Library Journal,#/publication/school-library-journal,1
School Transportation News,#/publication/school-transportation-news,0
Scidev.net,#/publication/scidevnet,1
Science Insider,#/publication/science-insider,1
Science Magazine,#/publication/science-magazine,1
Science News For Studentssc,#/publication/science-news-for-studentssc,0
Scientific American,#/publication/scientific-american,1
Screen Rant,#/publication/screen-rant,1
Screener,#/publication/screener,1
Screenspy,#/publication/screenspy,1
Scripted,#/publication/scripted,0
Seat42f,#/publication/seat42f,1
Seattle Magazine,#/publication/seattle-magazine,1
Seattle Weekly,#/publication/seattle-weekly,1
Self Magazine,#/publication/self-magazine,1
Serious Eats,#/publication/serious-eats,1
Seven Scribes,#/publication/seven-scribes,1
Sevenfifty Daily,#/publication/sevenfifty-daily,1
Several People Are Typing: The Official Slack Blog,#/publication/several-people-are-typing-the-official-slack-blog,1
Sf Appeal,#/publication/sf-appeal,1
Sf Weekly,#/publication/sf-weekly,1
Sfaq,#/publication/sfaq,1
Shameless Magazine,#/publication/shameless-magazine,1
Shape,#/publication/shape,1
Shareable,#/publication/shareable,1
Shareable.net,#/publication/shareablenet,1
Sheknows,#/publication/sheknows,1
Sierra Magazine,#/publication/sierra-magazine,1
Sierraclub.com,#/publication/sierraclubcom,1
Siliconangle,#/publication/siliconangle,1
Sixty Inches From Center,#/publication/sixty-inches-from-center,1
Ski Magazine,#/publication/ski-magazine,1
Skift,#/publication/skift,1
Skirt Collective,#/publication/skirt-collective,1
Sky Magazine,#/publication/sky-magazine,1
Slashgear,#/publication/slashgear,1
Slate,#/publication/slate,1
Smashing Magazine,#/publication/smashing-magazine,1
Smith Journal (australia),#/publication/smith-journal-australia,1
Smithsonian Air & Space,#/publication/smithsonian-air--space,1
Smithsonian Magazine,#/publication/smithsonian-magazine,1
Snap Judgement,#/publication/snap-judgement,1
Snews,#/publication/snews,1
Social Media Examiner,#/publication/social-media-examiner,1
Society Of Grownups,#/publication/society-of-grownups,0
Sofi,#/publication/sofi,1
Sojourners,#/publication/sojourners,1
Something Else! Reviews,#/publication/something-else-reviews,1
Sonoma Index-tribune,#/publication/sonoma-indextribune,1
Sonoma Magazine,#/publication/sonoma-magazine,1
Sonoma Magazine,#/publication/sonoma-magazine,1
Sonoma Valley Sun,#/publication/sonoma-valley-sun,1
Soultrain.com,#/publication/soultraincom,1
South China Morning Post,#/publication/south-china-morning-post,1
South Florida Gay News,#/publication/south-florida-gay-news,1
Southeast Asia Globe,#/publication/southeast-asia-globe,1
Southwest: The Magazine (In-flight Magazine Of Southwest Airlines),#/publication/southwest-the-magazine-inflight-magazine-of-southwest-airlines,1
Spectator,#/publication/spectator,1
Spirituality & Health,#/publication/spirituality--health,1
Splice Today,#/publication/splice-today,1
Splitsider,#/publication/splitsider,1
Spokesman-review,#/publication/spokesmanreview,1
Spook Magazine,#/publication/spook-magazine,1
Srq Magazine,#/publication/srq-magazine,1
Staance.com,#/publication/staancecom,1
Stage Directions,#/publication/stage-directions,1
Star Tribune,#/publication/star-tribune,1
Stat,#/publication/stat,1
Steemit.com,#/publication/steemitcom,0
Stepfeed,#/publication/stepfeed,1
Stereogum,#/publication/stereogum,1
Stir Journal,#/publication/stir-journal,1
Stones Throw Records,#/publication/stones-throw-records,0
Stormwater Magazine,#/publication/stormwater-magazine,1
Story Collider,#/publication/story-collider,1
Story|houston,#/publication/storyhouston,1
Storyhunter,#/publication/storyhunter,1
Strange Horizons,#/publication/strange-horizons,1
Streetsblog,#/publication/streetsblog,1
Student Parent Society,#/publication/student-parent-society,1
"Students, Parents, Society",#/publication/students-parents-society,1
Style Weekly,#/publication/style-weekly,1
Subaru Drive Magazine,#/publication/subaru-drive-magazine,0
Submittable,#/publication/submittable,1
Substance.com,#/publication/substancecom,1
Substream Magazine,#/publication/substream-magazine,1
Subtropics,#/publication/subtropics,1
Successful Farming,#/publication/successful-farming,1
Suitcase Magazine,#/publication/suitcase-magazine,1
Sunset,#/publication/sunset,1
Supchina,#/publication/supchina,1
Supermoney,#/publication/supermoney,0
Surface Design Association Blog,#/publication/surface-design-association-blog,0
Surface Magazine,#/publication/surface-magazine,1
Susquehanna Life,#/publication/susquehanna-life,1
Tablet Magazine,#/publication/tablet-magazine,1
Take Magazine,#/publication/take-magazine,1
Takepart,#/publication/takepart,1
Talkhouse,#/publication/talkhouse,1
Talking Points Memo,#/publication/talking-points-memo,1
Talkpoverty,#/publication/talkpoverty,1
Taste,#/publication/taste,1
Tastemade,#/publication/tastemade,1
Tasteofhome.com,#/publication/tasteofhomecom,1
Tasting Table,#/publication/tasting-table,1
Teamgo,#/publication/teamgo,0
Tech Chomps,#/publication/tech-chomps,0
Techbeacon,#/publication/techbeacon,0
Techhive,#/publication/techhive,1
Techpresident,#/publication/techpresident,1
Ted Blog,#/publication/ted-blog,1
Teen Vogue,#/publication/teen-vogue,1
Terremoto,#/publication/terremoto,1
Test,#/publication/test,0
Texas Co-op Power,#/publication/texas-coop-power,1
Texas Monthly,#/publication/texas-monthly,1
The 13 Secret Roman Dishes,#/publication/the-13-secret-roman-dishes,0
The Advocate,#/publication/the-advocate,1
The Age,#/publication/the-age,1
The Airship,#/publication/the-airship,1
The Airship (black Balloon Publishing),#/publication/the-airship-black-balloon-publishing,1
The American Conservative,#/publication/the-american-conservative,1
The American Genius,#/publication/the-american-genius,1
The American Prospect,#/publication/the-american-prospect,1
The American Reader,#/publication/the-american-reader,1
The Atavist,#/publication/the-atavist,1
The Athletic,#/publication/the-athletic,1
The Atlanta Journal-constitution,#/publication/the-atlanta-journalconstitution,1
The Atlantic,#/publication/the-atlantic,1
The Atlantic - Health,#/publication/the-atlantic--health,1
The Atlantic (object Lessons),#/publication/the-atlantic-object-lessons,1
"The Atlantic (online), Education Section",#/publication/the-atlantic-online-education-section,1
The Austin Chronicle,#/publication/the-austin-chronicle,1
The Awl,#/publication/the-awl,1
The Baffler,#/publication/the-baffler,1
The Baltimore Sun,#/publication/the-baltimore-sun,1
The Bark,#/publication/the-bark,1
The Believer,#/publication/the-believer,1
The Billfold,#/publication/the-billfold,1
The Bitter Southerner,#/publication/the-bitter-southerner,1
The Bold Italic,#/publication/the-bold-italic,1
The Bolde,#/publication/the-bolde,1
The Bridge,#/publication/the-bridge,1
The Brooklyn Quarterly,#/publication/the-brooklyn-quarterly,1
The Caravan,#/publication/the-caravan,1
The Cauldron,#/publication/the-cauldron,1
The Cheat Sheet,#/publication/the-cheat-sheet,1
The Chronicle Of Social Change,#/publication/the-chronicle-of-social-change,1
The Creators Project,#/publication/the-creators-project,1
The Cut (New York Magazine),#/publication/the-cut-new-york-magazine,1
The Daily Beast,#/publication/the-daily-beast,1
The Daily Dot,#/publication/the-daily-dot,1
The Daily Star,#/publication/the-daily-star,1
The Dart,#/publication/the-dart,1
The Debrief,#/publication/the-debrief,1
The Development Set/brigh,#/publication/the-development-setbrigh,1
The Dollar Stretcher,#/publication/the-dollar-stretcher,1
The Drake,#/publication/the-drake,0
The Drive,#/publication/the-drive,1
The Drive,#/publication/the-drive,1
The Economist,#/publication/the-economist,1
The Edit,#/publication/the-edit,1
The Equipped Brewer,#/publication/the-equipped-brewer,1
The Escapist,#/publication/the-escapist,1
The Establishment,#/publication/the-establishment,1
The Everygirl,#/publication/the-everygirl,1
The F Bomb,#/publication/the-f-bomb,1
The Fader,#/publication/the-fader,1
The Fashion Spot,#/publication/the-fashion-spot,1
The Financial Diet,#/publication/the-financial-diet,1
The Financial Times,#/publication/the-financial-times,1
The Fix,#/publication/the-fix,1
The Forward,#/publication/the-forward,1
The Fresh Toast,#/publication/the-fresh-toast,1
The Friday Times,#/publication/the-friday-times,1
The Frisky,#/publication/the-frisky,1
The Girlfriend From Aarp,#/publication/the-girlfriend-from-aarp,1
The Globe And Mail,#/publication/the-globe-and-mail,1
The Guardian,#/publication/the-guardian,1
The Guardian (us),#/publication/the-guardian-us,1
The Guardian Global Development,#/publication/the-guardian-global-development,1
The Hairpin,#/publication/the-hairpin,1
The Hechinger Report,#/publication/the-hechinger-report,1
The Independent,#/publication/the-independent,1
The Independent Restaurateur,#/publication/the-independent-restaurateur,1
The Independent.ae,#/publication/the-independentae,1
The Inquisitr,#/publication/the-inquisitr,1
The Intercept,#/publication/the-intercept,1
The Iowa Review,#/publication/the-iowa-review,1
The Jewish Advocate,#/publication/the-jewish-advocate,1
The Kernel (daily Dot),#/publication/the-kernel-daily-dot,1
The Ladders,#/publication/the-ladders,0
The Lancet,#/publication/the-lancet,1
The Lifted Brow (australia),#/publication/the-lifted-brow-australia,1
The Line Of Best Fit,#/publication/the-line-of-best-fit,1
The Linguist,#/publication/the-linguist,1
The Logic,#/publication/the-logic,1
The Lookout Journal,#/publication/the-lookout-journal,1
The Magazine,#/publication/the-magazine,1
The Manual,#/publication/the-manual,1
The Mary Sue,#/publication/the-mary-sue,1
The Masters Review,#/publication/the-masters-review,1
The Millions,#/publication/the-millions,1
The Morning News,#/publication/the-morning-news,1
The Muse,#/publication/the-muse,1
The Nation,#/publication/the-nation,1
The National,#/publication/the-national,1
The New Arab,#/publication/the-new-arab,1
The New European,#/publication/the-new-european,1
The New Indian Express,#/publication/the-new-indian-express,1
The New Inquiry,#/publication/the-new-inquiry,1
The New Republic,#/publication/the-new-republic,1
The New York Post,#/publication/the-new-york-post,1
The New York Times,#/publication/the-new-york-times,1
The New York Times - Modern Love,#/publication/the-new-york-times--modern-love,1
The New Yorker,#/publication/the-new-yorker,1
The New Yorker - Daily Shouts (Humor Section),#/publication/the-new-yorker--daily-shouts-humor-section,1
The New Yorker – Elements (tech Blog),#/publication/the-new-yorker--elements-tech-blog,1
The News Hub,#/publication/the-news-hub,1
The Observer/guardian,#/publication/the-observerguardian,1
The Occidental Observer,#/publication/the-occidental-observer,1
The Offing,#/publication/the-offing,1
The Open Notebook,#/publication/the-open-notebook,1
The Outline,#/publication/the-outline,1
The Overcast,#/publication/the-overcast,1
The Paper Gown,#/publication/the-paper-gown,1
The Parallax,#/publication/the-parallax,1
The Paris Review,#/publication/the-paris-review,1
The Penny Hoarder,#/publication/the-penny-hoarder,1
The Picture Professional,#/publication/the-picture-professional,1
The Pitch,#/publication/the-pitch,1
The Plaid Zebra,#/publication/the-plaid-zebra,1
The Point,#/publication/the-point,1
The Progressive,#/publication/the-progressive,1
The Quietus,#/publication/the-quietus,1
The Raddington Report,#/publication/the-raddington-report,1
The Real Deal Los Angeles,#/publication/the-real-deal-los-angeles,1
The Rebel Bulletin,#/publication/the-rebel-bulletin,1
The Ringer,#/publication/the-ringer,1
The Riveter,#/publication/the-riveter,1
The Root,#/publication/the-root,1
The Rumpus,#/publication/the-rumpus,1
The Rumpus - Letters In The Mail,#/publication/the-rumpus--letters-in-the-mail,1
The Rush Magazine,#/publication/the-rush-magazine,1
The Salt (npr Food Blog),#/publication/the-salt-npr-food-blog,1
The Scientist,#/publication/the-scientist,1
The Slutist,#/publication/the-slutist,1
The Smart Set,#/publication/the-smart-set,1
The Stage,#/publication/the-stage,1
The State,#/publication/the-state,1
The Street,#/publication/the-street,1
The Struggle Of A Loving Mother.,#/publication/the-struggle-of-a-loving-mother,0
The Sun,#/publication/the-sun,1
The Sunday Times,#/publication/the-sunday-times,1
The Surfer's Journal,#/publication/the-surfers-journal,1
The Tempest,#/publication/the-tempest,1
The Texas Observer,#/publication/the-texas-observer,1
The Toast,#/publication/the-toast,1
The Towner,#/publication/the-towner,1
The Truth About Cars,#/publication/the-truth-about-cars,0
The Verge,#/publication/the-verge,1
The Wag Magazine,#/publication/the-wag-magazine,1
The Walrus,#/publication/the-walrus,1
The War Horse,#/publication/the-war-horse,1
The Washington Post -- On Parenting,#/publication/the-washington-post--on-parenting,1
The Washington Times,#/publication/the-washington-times,1
The Week Website,#/publication/the-week-website,1
The Weekly Standard Blog,#/publication/the-weekly-standard-blog,1
The White Review,#/publication/the-white-review,1
The Wire,#/publication/the-wire,1
The Woke Society,#/publication/the-woke-society,1
The Women's International Perspective,#/publication/the-womens-international-perspective,1
The Write Life,#/publication/the-write-life,1
The Writer,#/publication/the-writer,1
Thekitchn,#/publication/thekitchn,1
Them,#/publication/them,1
Things To Do In Palm Springs - California,#/publication/things-to-do-in-palm-springs--california,0
This American Life (radio),#/publication/this-american-life-radio,1
This Magazine (canada),#/publication/this-magazine-canada,1
This Recording,#/publication/this-recording,1
Threepenny Review,#/publication/threepenny-review,1
Thrillist,#/publication/thrillist,1
Thrillist Philly,#/publication/thrillist-philly,1
Thriving Family,#/publication/thriving-family,1
Time,#/publication/time,1
Time (ideas.time.com),#/publication/time-ideastimecom,1
Time Out,#/publication/time-out,1
Time Out New York,#/publication/time-out-new-york,1
Time.com,#/publication/timecom,1
Timeline,#/publication/timeline,1
Times Higher Education,#/publication/times-higher-education,1
Tin House,#/publication/tin-house,1
Tmrw Magazine,#/publication/tmrw-magazine,1
Tnooz,#/publication/tnooz,1
Today's Charlotte Woman,#/publication/todays-charlotte-woman,1
Today's Parent Magazine,#/publication/todays-parent-magazine,1
Tokyoyoga.com,#/publication/tokyoyogacom,1
Tonic (Vice),#/publication/tonic-vice,1
Townsquare Digital,#/publication/townsquare-digital,1
Trains Magazine,#/publication/trains-magazine,1
Transitions Abroad,#/publication/transitions-abroad,1
Travel Age West,#/publication/travel-age-west,1
Travel And Leisure,#/publication/travel-and-leisure,1
Travioor,#/publication/travioor,0
Triathlete Magazine,#/publication/triathlete-magazine,1
Tricycle,#/publication/tricycle,1
Truthout,#/publication/truthout,1
"Ttg Asia (Travel Trade Gazette Asia), Singapore",#/publication/ttg-asia-travel-trade-gazette-asia-singapore,1
Tuenight,#/publication/tuenight,1
Tumblr Storyboard,#/publication/tumblr-storyboard,1
Tvtechnology,#/publication/tvtechnology,0
Tyro Magazine,#/publication/tyro-magazine,1
U.s. News & World Report,#/publication/us-news--world-report,1
U.s. News & World Report,#/publication/us-news--world-report,1
U.s. News & World Report,#/publication/us-news--world-report,1
Uk Blasting News,#/publication/uk-blasting-news,0
Ultius,#/publication/ultius,1
Undark,#/publication/undark,1
Under The Radar,#/publication/under-the-radar,1
Uni Junkee,#/publication/uni-junkee,0
Unicorn Booty,#/publication/unicorn-booty,1
Unilad,#/publication/unilad,1
Univision,#/publication/univision,1
Unusual Effortd,#/publication/unusual-effortd,1
Unusual Efforts,#/publication/unusual-efforts,1
Unwinnable,#/publication/unwinnable,1
Upside Down World,#/publication/upside-down-world,1
Upworthy,#/publication/upworthy,1
Urb Magazine,#/publication/urb-magazine,1
Urban Agenda Magazine,#/publication/urban-agenda-magazine,1
Urban Omnibus,#/publication/urban-omnibus,1
Us Of America,#/publication/us-of-america,1
Usa Today,#/publication/usa-today,1
Usa Today College,#/publication/usa-today-college,1
Usa Today Magazines,#/publication/usa-today-magazines,1
Vam,#/publication/vam,1
Van Magazine,#/publication/van-magazine,1
Vanity Fair,#/publication/vanity-fair,1
Variety,#/publication/variety,1
Vdare,#/publication/vdare,1
Vdrome,#/publication/vdrome,1
Venturebeat,#/publication/venturebeat,0
Verge Magazine,#/publication/verge-magazine,1
Verily Magazine,#/publication/verily-magazine,1
Very Smart Brothas,#/publication/very-smart-brothas,1
Vh1,#/publication/vh1,1
Vice,#/publication/vice,1
Vice,#/publication/vice,1
Vice,#/publication/vice,1
Vice,#/publication/vice,1
Vice (uk),#/publication/vice-uk,1
Vice Canada,#/publication/vice-canada,1
Vice News,#/publication/vice-news,1
Vice Sports,#/publication/vice-sports,1
Vice Sports Canada,#/publication/vice-sports-canada,1
Vice—motherboard,#/publication/vicemotherboard,1
Vice.com (munchies),#/publication/vicecom-munchies,1
Vice.com (Munchies),#/publication/vicecom-munchies,1
Victory Journal,#/publication/victory-journal,1
Village Voice,#/publication/village-voice,1
Vinepair,#/publication/vinepair,1
Vinyl Me Pease,#/publication/vinyl-me-pease,1
Virginia Quarterly Review,#/publication/virginia-quarterly-review,1
Visions,#/publication/visions,0
Vitamin W,#/publication/vitamin-w,1
Vocally,#/publication/vocally,1
Vogue,#/publication/vogue,1
Vox,#/publication/vox,1
Vox First Person,#/publication/vox-first-person,1
Vulture,#/publication/vulture,1
Vulture Magazine,#/publication/vulture-magazine,1
Wag's Revue,#/publication/wags-revue,1
Waging Nonviolence,#/publication/waging-nonviolence,1
Wait(er) Magazine,#/publication/waiter-magazine,1
Wall Street Journal,#/publication/wall-street-journal,1
Warscapes,#/publication/warscapes,1
Washington Blade,#/publication/washington-blade,1
Washington City Paper,#/publication/washington-city-paper,1
Washington Post,#/publication/washington-post,1
Washington Post Express,#/publication/washington-post-express,1
Washington Post Express,#/publication/washington-post-express,1
Washington Post Magazine,#/publication/washington-post-magazine,1
Washington Post Solo-ish,#/publication/washington-post-soloish,1
Washingtonian,#/publication/washingtonian,1
Water Deeply,#/publication/water-deeply,1
Water Efficiency Magazine,#/publication/water-efficiency-magazine,1
Waterworld,#/publication/waterworld,1
Wattpad,#/publication/wattpad,1
Wbur Cognoscenti,#/publication/wbur-cognoscenti,1
We Like La,#/publication/we-like-la,0
Wear Your Voice,#/publication/wear-your-voice,1
Web Hosting Secret Revealed,#/publication/web-hosting-secret-revealed,0
Wedding Bee,#/publication/wedding-bee,1
West Branch,#/publication/west-branch,1
Western Canada Is Still Struggling To Replace Cancelled Greyhound Service,#/publication/western-canada-is-still-struggling-to-replace-cancelled-greyhound-service,0
Western New York Physician,#/publication/western-new-york-physician,1
What Can Pokémon Teach Us About Fiction?,#/publication/what-can-pokmon-teach-us-about-fiction,0
Whole Life Times,#/publication/whole-life-times,1
Whosay,#/publication/whosay,0
Wilder Quarterly,#/publication/wilder-quarterly,1
Wildernys.com,#/publication/wildernyscom,1
Willamette Week,#/publication/willamette-week,1
Windy City Times,#/publication/windy-city-times,1
Wine Searcher,#/publication/wine-searcher,1
Wired,#/publication/wired,1
Wisecrack,#/publication/wisecrack,1
Wlrn,#/publication/wlrn,1
Women's Adventure,#/publication/womens-adventure,1
Women's Enews,#/publication/womens-enews,1
Women's Health,#/publication/womens-health,1
Women's Media Center,#/publication/womens-media-center,1
Women's Running Magazine,#/publication/womens-running-magazine,1
Womens Review Of Books,#/publication/womens-review-of-books,1
Wonderland Magazine,#/publication/wonderland-magazine,1
Wonkette,#/publication/wonkette,1
Words In Light,#/publication/words-in-light,1
Working Mother Magazine,#/publication/working-mother-magazine,1
World Literature Today,#/publication/world-literature-today,1
World Politics Review,#/publication/world-politics-review,1
Worldatlas.com,#/publication/worldatlascom,1
Writehackr Magazine,#/publication/writehackr-magazine,1
Writer's Digest,#/publication/writers-digest,1
Www.newsworks.org,#/publication/wwwnewsworksorg,1
Xojane,#/publication/xojane,1
Xonecole,#/publication/xonecole,1
Yahoo Beauty,#/publication/yahoo-beauty,1
Yahoo!,#/publication/yahoo,1
Yellowstone Valley Woman Magazine,#/publication/yellowstone-valley-woman-magazine,1
Yes! Magazine,#/publication/yes-magazine,1
Yoga Journal,#/publication/yoga-journal,1
Youbeauty,#/publication/youbeauty,1
Your Chicken Enemy,#/publication/your-chicken-enemy,1
Yourtango,#/publication/yourtango,1
Yourteen,#/publication/yourteen,1
Zdnet,#/publication/zdnet,1
Zink Magazine,#/publication/zink-magazine,1
Zocalo Public Square,#/publication/zocalo-public-square,1
Zymurgy Magazine,#/publication/zymurgy-magazine,1
